{
	"info": {
		"_postman_id": "4b7223e0-b469-4821-9287-2ffaf9a3127c",
		"name": "Task 3 : To-Do application with Authentication and Authorization using Spring Security and JWT",
		"schema": "https://schema.getpostman.com/json/collection/v2.1.0/collection.json",
		"_exporter_id": "39168533"
	},
	"item": [
		{
			"name": "To-Do",
			"item": [
				{
					"name": "http://localhost:8080/todoApp/todo",
					"request": {
						"auth": {
							"type": "noauth"
						},
						"method": "POST",
						"header": [],
						"body": {
							"mode": "raw",
							"raw": "{\r\n    \"title\" : \"Cleaning\",\r\n    \"description\" : \"Home cleaning : mission impossible\",\r\n    \"userId\" : 1\r\n}",
							"options": {
								"raw": {
									"language": "json"
								}
							}
						},
						"url": {
							"raw": "http://localhost:8080/todoApp/todo",
							"protocol": "http",
							"host": [
								"localhost"
							],
							"port": "8080",
							"path": [
								"todoApp",
								"todo"
							]
						}
					},
					"response": [
						{
							"name": "http://localhost:8080/todoApp/todo",
							"originalRequest": {
								"method": "POST",
								"header": [],
								"body": {
									"mode": "raw",
									"raw": "{\r\n    \"title\" : \"Cleaning\",\r\n    \"description\" : \"Home cleaning : mission impossible\",\r\n    \"userId\" : 1\r\n}",
									"options": {
										"raw": {
											"language": "json"
										}
									}
								},
								"url": {
									"raw": "http://localhost:8080/todoApp/todo/1/2",
									"protocol": "http",
									"host": [
										"localhost"
									],
									"port": "8080",
									"path": [
										"todoApp",
										"todo",
										"1",
										"2"
									]
								}
							},
							"_postman_previewlanguage": null,
							"header": [],
							"cookie": [],
							"body": null
						}
					]
				},
				{
					"name": "http://localhost:8080/todoApp/todo",
					"protocolProfileBehavior": {
						"disableBodyPruning": true
					},
					"request": {
						"auth": {
							"type": "noauth"
						},
						"method": "GET",
						"header": [],
						"body": {
							"mode": "raw",
							"raw": "{\r\n    \"username\" : \"abc123\",\r\n    \"password\" : \"123123\",\r\n    \"role\" : \"USER\"\r\n}",
							"options": {
								"raw": {
									"language": "json"
								}
							}
						},
						"url": {
							"raw": "http://localhost:8080/todoApp/todo/1/3",
							"protocol": "http",
							"host": [
								"localhost"
							],
							"port": "8080",
							"path": [
								"todoApp",
								"todo",
								"1",
								"3"
							]
						}
					},
					"response": [
						{
							"name": "http://localhost:8080/todoApp/todo",
							"originalRequest": {
								"method": "POST",
								"header": [],
								"body": {
									"mode": "raw",
									"raw": "{\r\n    \"title\" : \"Cleaning\",\r\n    \"description\" : \"Home cleaning : mission impossible\",\r\n    \"userId\" : 1\r\n}",
									"options": {
										"raw": {
											"language": "json"
										}
									}
								},
								"url": {
									"raw": "http://localhost:8080/todoApp/todo/1/2",
									"protocol": "http",
									"host": [
										"localhost"
									],
									"port": "8080",
									"path": [
										"todoApp",
										"todo",
										"1",
										"2"
									]
								}
							},
							"_postman_previewlanguage": null,
							"header": [],
							"cookie": [],
							"body": null
						}
					]
				},
				{
					"name": "http://localhost:8080/todoApp/todo",
					"protocolProfileBehavior": {
						"disableBodyPruning": true
					},
					"request": {
						"auth": {
							"type": "noauth"
						},
						"method": "GET",
						"header": [],
						"body": {
							"mode": "raw",
							"raw": "{\r\n    \"username\" : \"abc123\",\r\n    \"password\" : \"123123\",\r\n    \"role\" : \"USER\"\r\n}",
							"options": {
								"raw": {
									"language": "json"
								}
							}
						},
						"url": {
							"raw": "http://localhost:8080/todoApp/todo/1",
							"protocol": "http",
							"host": [
								"localhost"
							],
							"port": "8080",
							"path": [
								"todoApp",
								"todo",
								"1"
							]
						}
					},
					"response": [
						{
							"name": "http://localhost:8080/todoApp/todo",
							"originalRequest": {
								"method": "POST",
								"header": [],
								"body": {
									"mode": "raw",
									"raw": "{\r\n    \"title\" : \"Cleaning\",\r\n    \"description\" : \"Home cleaning : mission impossible\",\r\n    \"userId\" : 1\r\n}",
									"options": {
										"raw": {
											"language": "json"
										}
									}
								},
								"url": {
									"raw": "http://localhost:8080/todoApp/todo/1/2",
									"protocol": "http",
									"host": [
										"localhost"
									],
									"port": "8080",
									"path": [
										"todoApp",
										"todo",
										"1",
										"2"
									]
								}
							},
							"_postman_previewlanguage": null,
							"header": [],
							"cookie": [],
							"body": null
						}
					]
				},
				{
					"name": "http://localhost:8080/todoApp/todo",
					"request": {
						"auth": {
							"type": "noauth"
						},
						"method": "PUT",
						"header": [],
						"body": {
							"mode": "raw",
							"raw": "{\r\n    \"title\" : \"shopping done\",\r\n    \"description\" : \"done\",\r\n    \"id\" : 2\r\n}",
							"options": {
								"raw": {
									"language": "json"
								}
							}
						},
						"url": {
							"raw": "http://localhost:8080/todoApp/todo",
							"protocol": "http",
							"host": [
								"localhost"
							],
							"port": "8080",
							"path": [
								"todoApp",
								"todo"
							]
						}
					},
					"response": [
						{
							"name": "http://localhost:8080/todoApp/todo",
							"originalRequest": {
								"method": "POST",
								"header": [],
								"body": {
									"mode": "raw",
									"raw": "{\r\n    \"title\" : \"Cleaning\",\r\n    \"description\" : \"Home cleaning : mission impossible\",\r\n    \"userId\" : 1\r\n}",
									"options": {
										"raw": {
											"language": "json"
										}
									}
								},
								"url": {
									"raw": "http://localhost:8080/todoApp/todo/1/2",
									"protocol": "http",
									"host": [
										"localhost"
									],
									"port": "8080",
									"path": [
										"todoApp",
										"todo",
										"1",
										"2"
									]
								}
							},
							"_postman_previewlanguage": null,
							"header": [],
							"cookie": [],
							"body": null
						}
					]
				},
				{
					"name": "http://localhost:8080/todoApp/todo",
					"request": {
						"auth": {
							"type": "noauth"
						},
						"method": "DELETE",
						"header": [],
						"body": {
							"mode": "raw",
							"raw": "{\r\n    \"title\" : \"shopping done\",\r\n    \"description\" : \"done\",\r\n    \"id\" : 2\r\n}",
							"options": {
								"raw": {
									"language": "json"
								}
							}
						},
						"url": {
							"raw": "http://localhost:8080/todoApp/todo/2",
							"protocol": "http",
							"host": [
								"localhost"
							],
							"port": "8080",
							"path": [
								"todoApp",
								"todo",
								"2"
							]
						}
					},
					"response": [
						{
							"name": "http://localhost:8080/todoApp/todo",
							"originalRequest": {
								"method": "POST",
								"header": [],
								"body": {
									"mode": "raw",
									"raw": "{\r\n    \"title\" : \"Cleaning\",\r\n    \"description\" : \"Home cleaning : mission impossible\",\r\n    \"userId\" : 1\r\n}",
									"options": {
										"raw": {
											"language": "json"
										}
									}
								},
								"url": {
									"raw": "http://localhost:8080/todoApp/todo/1/2",
									"protocol": "http",
									"host": [
										"localhost"
									],
									"port": "8080",
									"path": [
										"todoApp",
										"todo",
										"1",
										"2"
									]
								}
							},
							"_postman_previewlanguage": null,
							"header": [],
							"cookie": [],
							"body": null
						}
					]
				},
				{
					"name": "http://localhost:8080/todoApp/todo",
					"request": {
						"auth": {
							"type": "noauth"
						},
						"method": "PUT",
						"header": [],
						"body": {
							"mode": "raw",
							"raw": "{\r\n    \"title\" : \"shopping done\",\r\n    \"description\" : \"done\",\r\n    \"id\" : 2\r\n}",
							"options": {
								"raw": {
									"language": "json"
								}
							}
						},
						"url": {
							"raw": "http://localhost:8080/todoApp/todo/3",
							"protocol": "http",
							"host": [
								"localhost"
							],
							"port": "8080",
							"path": [
								"todoApp",
								"todo",
								"3"
							]
						}
					},
					"response": [
						{
							"name": "http://localhost:8080/todoApp/todo",
							"originalRequest": {
								"method": "POST",
								"header": [],
								"body": {
									"mode": "raw",
									"raw": "{\r\n    \"title\" : \"Cleaning\",\r\n    \"description\" : \"Home cleaning : mission impossible\",\r\n    \"userId\" : 1\r\n}",
									"options": {
										"raw": {
											"language": "json"
										}
									}
								},
								"url": {
									"raw": "http://localhost:8080/todoApp/todo/1/2",
									"protocol": "http",
									"host": [
										"localhost"
									],
									"port": "8080",
									"path": [
										"todoApp",
										"todo",
										"1",
										"2"
									]
								}
							},
							"_postman_previewlanguage": null,
							"header": [],
							"cookie": [],
							"body": null
						}
					]
				}
			]
		},
		{
			"name": "User Data",
			"item": [
				{
					"name": "http://localhost:8080/todoApp/todo",
					"request": {
						"auth": {
							"type": "noauth"
						},
						"method": "POST",
						"header": [],
						"body": {
							"mode": "raw",
							"raw": "{\r\n    \"username\" : \"abc123\",\r\n    \"password\" : \"123123\",\r\n    \"role\" : \"USER\"\r\n}",
							"options": {
								"raw": {
									"language": "json"
								}
							}
						},
						"url": {
							"raw": "http://localhost:8080/todoApp/userdata",
							"protocol": "http",
							"host": [
								"localhost"
							],
							"port": "8080",
							"path": [
								"todoApp",
								"userdata"
							]
						}
					},
					"response": [
						{
							"name": "http://localhost:8080/todoApp/todo",
							"originalRequest": {
								"method": "POST",
								"header": [],
								"body": {
									"mode": "raw",
									"raw": "{\r\n    \"title\" : \"Cleaning\",\r\n    \"description\" : \"Home cleaning : mission impossible\",\r\n    \"userId\" : 1\r\n}",
									"options": {
										"raw": {
											"language": "json"
										}
									}
								},
								"url": {
									"raw": "http://localhost:8080/todoApp/todo/1/2",
									"protocol": "http",
									"host": [
										"localhost"
									],
									"port": "8080",
									"path": [
										"todoApp",
										"todo",
										"1",
										"2"
									]
								}
							},
							"_postman_previewlanguage": null,
							"header": [],
							"cookie": [],
							"body": null
						}
					]
				},
				{
					"name": "http://localhost:8080/todoApp/todo",
					"request": {
						"auth": {
							"type": "noauth"
						},
						"method": "PUT",
						"header": [],
						"body": {
							"mode": "raw",
							"raw": "{\r\n    \"username\" : \"abc123\",\r\n    \"password\" : \"123123\",\r\n    \"role\" : \"USER\"\r\n}",
							"options": {
								"raw": {
									"language": "json"
								}
							}
						},
						"url": {
							"raw": "http://localhost:8080/todoApp/userdata/2?password=123",
							"protocol": "http",
							"host": [
								"localhost"
							],
							"port": "8080",
							"path": [
								"todoApp",
								"userdata",
								"2"
							],
							"query": [
								{
									"key": "password",
									"value": "123"
								}
							]
						}
					},
					"response": [
						{
							"name": "http://localhost:8080/todoApp/todo",
							"originalRequest": {
								"method": "POST",
								"header": [],
								"body": {
									"mode": "raw",
									"raw": "{\r\n    \"title\" : \"Cleaning\",\r\n    \"description\" : \"Home cleaning : mission impossible\",\r\n    \"userId\" : 1\r\n}",
									"options": {
										"raw": {
											"language": "json"
										}
									}
								},
								"url": {
									"raw": "http://localhost:8080/todoApp/todo/1/2",
									"protocol": "http",
									"host": [
										"localhost"
									],
									"port": "8080",
									"path": [
										"todoApp",
										"todo",
										"1",
										"2"
									]
								}
							},
							"_postman_previewlanguage": null,
							"header": [],
							"cookie": [],
							"body": null
						}
					]
				},
				{
					"name": "http://localhost:8080/todoApp/todo",
					"protocolProfileBehavior": {
						"disableBodyPruning": true
					},
					"request": {
						"auth": {
							"type": "noauth"
						},
						"method": "GET",
						"header": [],
						"body": {
							"mode": "raw",
							"raw": "{\r\n    \"username\" : \"abc123\",\r\n    \"password\" : \"123123\",\r\n    \"role\" : \"USER\"\r\n}",
							"options": {
								"raw": {
									"language": "json"
								}
							}
						},
						"url": {
							"raw": "http://localhost:8080/todoApp/userdata",
							"protocol": "http",
							"host": [
								"localhost"
							],
							"port": "8080",
							"path": [
								"todoApp",
								"userdata"
							]
						}
					},
					"response": [
						{
							"name": "http://localhost:8080/todoApp/todo",
							"originalRequest": {
								"method": "POST",
								"header": [],
								"body": {
									"mode": "raw",
									"raw": "{\r\n    \"title\" : \"Cleaning\",\r\n    \"description\" : \"Home cleaning : mission impossible\",\r\n    \"userId\" : 1\r\n}",
									"options": {
										"raw": {
											"language": "json"
										}
									}
								},
								"url": {
									"raw": "http://localhost:8080/todoApp/todo/1/2",
									"protocol": "http",
									"host": [
										"localhost"
									],
									"port": "8080",
									"path": [
										"todoApp",
										"todo",
										"1",
										"2"
									]
								}
							},
							"_postman_previewlanguage": null,
							"header": [],
							"cookie": [],
							"body": null
						}
					]
				},
				{
					"name": "http://localhost:8080/todoApp/todo",
					"protocolProfileBehavior": {
						"disableBodyPruning": true
					},
					"request": {
						"auth": {
							"type": "noauth"
						},
						"method": "GET",
						"header": [],
						"body": {
							"mode": "raw",
							"raw": "{\r\n    \"username\" : \"abc123\",\r\n    \"password\" : \"123123\",\r\n    \"role\" : \"USER\"\r\n}",
							"options": {
								"raw": {
									"language": "json"
								}
							}
						},
						"url": {
							"raw": "http://localhost:8080/todoApp/userdata/1",
							"protocol": "http",
							"host": [
								"localhost"
							],
							"port": "8080",
							"path": [
								"todoApp",
								"userdata",
								"1"
							]
						}
					},
					"response": [
						{
							"name": "http://localhost:8080/todoApp/todo",
							"originalRequest": {
								"method": "POST",
								"header": [],
								"body": {
									"mode": "raw",
									"raw": "{\r\n    \"title\" : \"Cleaning\",\r\n    \"description\" : \"Home cleaning : mission impossible\",\r\n    \"userId\" : 1\r\n}",
									"options": {
										"raw": {
											"language": "json"
										}
									}
								},
								"url": {
									"raw": "http://localhost:8080/todoApp/todo/1/2",
									"protocol": "http",
									"host": [
										"localhost"
									],
									"port": "8080",
									"path": [
										"todoApp",
										"todo",
										"1",
										"2"
									]
								}
							},
							"_postman_previewlanguage": null,
							"header": [],
							"cookie": [],
							"body": null
						}
					]
				}
			]
		}
	]
}