{
	"info": {
		"_postman_id": "7439b454-6cce-4faf-80b4-bb648f8a44be",
		"name": "Task 2 : Employee Management System",
		"schema": "https://schema.getpostman.com/json/collection/v2.1.0/collection.json",
		"_exporter_id": "39168533"
	},
	"item": [
		{
			"name": "Employees",
			"item": [
				{
					"name": "http://localhost:8080/empSys/emp",
					"request": {
						"method": "POST",
						"header": [],
						"body": {
							"mode": "raw",
							"raw": "{\r\n    \"firstName\":\"Mitesh\",\r\n    \"lastName\":\"Jethva\",\r\n    \"email\":\"mits@gmail.com\",\r\n    \"departmentId\":1\r\n}",
							"options": {
								"raw": {
									"language": "json"
								}
							}
						},
						"url": {
							"raw": "http://localhost:8080/empSys/emp",
							"protocol": "http",
							"host": [
								"localhost"
							],
							"port": "8080",
							"path": [
								"empSys",
								"emp"
							]
						}
					},
					"response": []
				},
				{
					"name": "http://localhost:8080/empSys/emp/4?email=mit@jet.gmail.com",
					"request": {
						"method": "PUT",
						"header": [],
						"url": {
							"raw": "http://localhost:8080/empSys/emp/4?email=mit@jet.gmail.com",
							"protocol": "http",
							"host": [
								"localhost"
							],
							"port": "8080",
							"path": [
								"empSys",
								"emp",
								"4"
							],
							"query": [
								{
									"key": "email",
									"value": "mit@jet.gmail.com"
								}
							]
						}
					},
					"response": []
				},
				{
					"name": "http://localhost:8080/empSys/emp",
					"request": {
						"method": "GET",
						"header": [],
						"url": {
							"raw": "http://localhost:8080/empSys/emp",
							"protocol": "http",
							"host": [
								"localhost"
							],
							"port": "8080",
							"path": [
								"empSys",
								"emp"
							]
						}
					},
					"response": []
				},
				{
					"name": "http://localhost:8080/empSys/emp/9",
					"request": {
						"method": "GET",
						"header": [],
						"url": {
							"raw": "http://localhost:8080/empSys/emp/9",
							"protocol": "http",
							"host": [
								"localhost"
							],
							"port": "8080",
							"path": [
								"empSys",
								"emp",
								"9"
							]
						}
					},
					"response": []
				},
				{
					"name": "http://localhost:8080/empSys/emp/9",
					"request": {
						"method": "DELETE",
						"header": [],
						"url": {
							"raw": "http://localhost:8080/empSys/emp/9",
							"protocol": "http",
							"host": [
								"localhost"
							],
							"port": "8080",
							"path": [
								"empSys",
								"emp",
								"9"
							]
						}
					},
					"response": []
				},
				{
					"name": "http://localhost:8080/empSys/emp/updateDept/8?departmentId=1",
					"request": {
						"method": "PUT",
						"header": [],
						"url": {
							"raw": "http://localhost:8080/empSys/emp/updateDept/8?departmentId=1",
							"protocol": "http",
							"host": [
								"localhost"
							],
							"port": "8080",
							"path": [
								"empSys",
								"emp",
								"updateDept",
								"8"
							],
							"query": [
								{
									"key": "departmentId",
									"value": "1"
								}
							]
						}
					},
					"response": []
				},
				{
					"name": "http://localhost:8080/empSys/proj",
					"protocolProfileBehavior": {
						"disableBodyPruning": true
					},
					"request": {
						"method": "GET",
						"header": [],
						"body": {
							"mode": "raw",
							"raw": "{\r\n        \"name\": \"Project Kappa\",\r\n}",
							"options": {
								"raw": {
									"language": "json"
								}
							}
						},
						"url": {
							"raw": "http://localhost:8080/empSys/emp/sortedList",
							"protocol": "http",
							"host": [
								"localhost"
							],
							"port": "8080",
							"path": [
								"empSys",
								"emp",
								"sortedList"
							]
						}
					},
					"response": []
				},
				{
					"name": "http://localhost:8080/empSys/proj",
					"request": {
						"method": "POST",
						"header": [],
						"body": {
							"mode": "raw",
							"raw": "{\r\n        \"name\": \"Project Kappa\",\r\n}",
							"options": {
								"raw": {
									"language": "json"
								}
							}
						},
						"url": {
							"raw": "http://localhost:8080/empSys/emp/paginatedList?page=0&limit=5",
							"protocol": "http",
							"host": [
								"localhost"
							],
							"port": "8080",
							"path": [
								"empSys",
								"emp",
								"paginatedList"
							],
							"query": [
								{
									"key": "page",
									"value": "0"
								},
								{
									"key": "limit",
									"value": "5"
								}
							]
						}
					},
					"response": []
				}
			]
		},
		{
			"name": "Department",
			"item": [
				{
					"name": "http://localhost:8080/empSys/dept",
					"request": {
						"method": "POST",
						"header": [],
						"body": {
							"mode": "raw",
							"raw": "{\r\n    \"name\":\"CMPN\",\r\n    \"description\":\"Computer engineering\"\r\n}",
							"options": {
								"raw": {
									"language": "json"
								}
							}
						},
						"url": {
							"raw": "http://localhost:8080/empSys/dept",
							"protocol": "http",
							"host": [
								"localhost"
							],
							"port": "8080",
							"path": [
								"empSys",
								"dept"
							]
						}
					},
					"response": []
				},
				{
					"name": "http://localhost:8080/empSys/emp/9",
					"request": {
						"method": "PUT",
						"header": [],
						"url": {
							"raw": "http://localhost:8080/empSys/dept/1?name=INFT",
							"protocol": "http",
							"host": [
								"localhost"
							],
							"port": "8080",
							"path": [
								"empSys",
								"dept",
								"1"
							],
							"query": [
								{
									"key": "name",
									"value": "INFT"
								}
							]
						}
					},
					"response": []
				},
				{
					"name": "http://localhost:8080/empSys/dept",
					"request": {
						"method": "GET",
						"header": [],
						"url": {
							"raw": "http://localhost:8080/empSys/dept",
							"protocol": "http",
							"host": [
								"localhost"
							],
							"port": "8080",
							"path": [
								"empSys",
								"dept"
							]
						}
					},
					"response": []
				},
				{
					"name": "http://localhost:8080/empSys/dept/1",
					"request": {
						"method": "GET",
						"header": [],
						"url": {
							"raw": "http://localhost:8080/empSys/dept/1",
							"protocol": "http",
							"host": [
								"localhost"
							],
							"port": "8080",
							"path": [
								"empSys",
								"dept",
								"1"
							]
						}
					},
					"response": []
				},
				{
					"name": "http://localhost:8080/empSys/dept/1",
					"request": {
						"method": "DELETE",
						"header": [],
						"url": {
							"raw": "http://localhost:8080/empSys/dept/2",
							"protocol": "http",
							"host": [
								"localhost"
							],
							"port": "8080",
							"path": [
								"empSys",
								"dept",
								"2"
							]
						}
					},
					"response": []
				}
			]
		},
		{
			"name": "Project",
			"item": [
				{
					"name": "http://localhost:8080/empSys/proj",
					"request": {
						"method": "POST",
						"header": [],
						"body": {
							"mode": "raw",
							"raw": "{\r\n        \"name\": \"Project Kappa\",\r\n        \"description\": \"Developing an IoT solution for smart homes.\"\r\n}",
							"options": {
								"raw": {
									"language": "json"
								}
							}
						},
						"url": {
							"raw": "http://localhost:8080/empSys/proj",
							"protocol": "http",
							"host": [
								"localhost"
							],
							"port": "8080",
							"path": [
								"empSys",
								"proj"
							]
						}
					},
					"response": []
				},
				{
					"name": "http://localhost:8080/empSys/proj",
					"protocolProfileBehavior": {
						"disableBodyPruning": true
					},
					"request": {
						"method": "GET",
						"header": [],
						"body": {
							"mode": "raw",
							"raw": "{\r\n        \"name\": \"Project Kappa\",\r\n        \"description\": \"Developing an IoT solution for smart homes.\"\r\n}",
							"options": {
								"raw": {
									"language": "json"
								}
							}
						},
						"url": {
							"raw": "http://localhost:8080/empSys/proj",
							"protocol": "http",
							"host": [
								"localhost"
							],
							"port": "8080",
							"path": [
								"empSys",
								"proj"
							]
						}
					},
					"response": []
				},
				{
					"name": "http://localhost:8080/empSys/proj",
					"protocolProfileBehavior": {
						"disableBodyPruning": true
					},
					"request": {
						"method": "GET",
						"header": [],
						"body": {
							"mode": "raw",
							"raw": "{\r\n        \"name\": \"Project Kappa\",\r\n        \"description\": \"Developing an IoT solution for smart homes.\"\r\n}",
							"options": {
								"raw": {
									"language": "json"
								}
							}
						},
						"url": {
							"raw": "http://localhost:8080/empSys/proj/5",
							"protocol": "http",
							"host": [
								"localhost"
							],
							"port": "8080",
							"path": [
								"empSys",
								"proj",
								"5"
							]
						}
					},
					"response": []
				},
				{
					"name": "http://localhost:8080/empSys/proj",
					"request": {
						"method": "PUT",
						"header": [],
						"body": {
							"mode": "raw",
							"raw": "{\r\n        \"name\": \"Project Kappa\",\r\n}",
							"options": {
								"raw": {
									"language": "json"
								}
							}
						},
						"url": {
							"raw": "http://localhost:8080/empSys/proj/5?name=Software development",
							"protocol": "http",
							"host": [
								"localhost"
							],
							"port": "8080",
							"path": [
								"empSys",
								"proj",
								"5"
							],
							"query": [
								{
									"key": "name",
									"value": "Software development"
								}
							]
						}
					},
					"response": []
				},
				{
					"name": "http://localhost:8080/empSys/proj",
					"request": {
						"method": "DELETE",
						"header": [],
						"body": {
							"mode": "raw",
							"raw": "{\r\n        \"name\": \"Project Kappa\",\r\n}",
							"options": {
								"raw": {
									"language": "json"
								}
							}
						},
						"url": {
							"raw": "http://localhost:8080/empSys/proj/10",
							"protocol": "http",
							"host": [
								"localhost"
							],
							"port": "8080",
							"path": [
								"empSys",
								"proj",
								"10"
							]
						}
					},
					"response": []
				}
			]
		},
		{
			"name": "Employee Project",
			"item": [
				{
					"name": "http://localhost:8080/empSys/empProj/5",
					"request": {
						"method": "POST",
						"header": [],
						"body": {
							"mode": "raw",
							"raw": "[8, 10]",
							"options": {
								"raw": {
									"language": "json"
								}
							}
						},
						"url": {
							"raw": "http://localhost:8080/empSys/empProj/5",
							"protocol": "http",
							"host": [
								"localhost"
							],
							"port": "8080",
							"path": [
								"empSys",
								"empProj",
								"5"
							]
						}
					},
					"response": []
				},
				{
					"name": "http://localhost:8080/empSys/projEmp/8",
					"request": {
						"method": "POST",
						"header": [],
						"body": {
							"mode": "raw",
							"raw": "[1,2,3,4]",
							"options": {
								"raw": {
									"language": "json"
								}
							}
						},
						"url": {
							"raw": "http://localhost:8080/empSys/projEmp/8",
							"protocol": "http",
							"host": [
								"localhost"
							],
							"port": "8080",
							"path": [
								"empSys",
								"projEmp",
								"8"
							]
						}
					},
					"response": []
				}
			]
		}
	]
}