{
	"info": {
		"_postman_id": "3ce5c4b2-ad89-4d09-a268-8d9c0cee1b14",
		"name": "Task 1 : Simple crud application",
		"schema": "https://schema.getpostman.com/json/collection/v2.1.0/collection.json",
		"_exporter_id": "39168533"
	},
	"item": [
		{
			"name": "http://localhost:8080/api/employees/2",
			"request": {
				"method": "DELETE",
				"header": [],
				"url": {
					"raw": "http://localhost:8080/api/employees/2",
					"protocol": "http",
					"host": [
						"localhost"
					],
					"port": "8080",
					"path": [
						"api",
						"employees",
						"2"
					]
				}
			},
			"response": []
		},
		{
			"name": "http://localhost:8080/api/employees/1",
			"request": {
				"method": "PUT",
				"header": [],
				"body": {
					"mode": "raw",
					"raw": "{\r\n    \"first_name\":\"mit\",\r\n    \"last_name\":\"jet\",\r\n    \"email\":\"mit@ghj\"\r\n}",
					"options": {
						"raw": {
							"language": "json"
						}
					}
				},
				"url": {
					"raw": "http://localhost:8080/api/employees/1",
					"protocol": "http",
					"host": [
						"localhost"
					],
					"port": "8080",
					"path": [
						"api",
						"employees",
						"1"
					]
				}
			},
			"response": []
		},
		{
			"name": "http://localhost:8080/api/employees/1",
			"request": {
				"method": "GET",
				"header": [],
				"url": {
					"raw": "http://localhost:8080/api/employees/1",
					"protocol": "http",
					"host": [
						"localhost"
					],
					"port": "8080",
					"path": [
						"api",
						"employees",
						"1"
					]
				}
			},
			"response": []
		},
		{
			"name": "http://localhost:8080/api/employees",
			"request": {
				"method": "POST",
				"header": [],
				"body": {
					"mode": "raw",
					"raw": "{\r\n    \"firstName\":\"mit\",\r\n    \"lastName\":\"jet\",\r\n    \"email\":\"mit@ghj\"\r\n}",
					"options": {
						"raw": {
							"language": "json"
						}
					}
				},
				"url": {
					"raw": "http://localhost:8080/api/employees",
					"protocol": "http",
					"host": [
						"localhost"
					],
					"port": "8080",
					"path": [
						"api",
						"employees"
					]
				}
			},
			"response": []
		},
		{
			"name": "http://localhost:8080/api/employees",
			"protocolProfileBehavior": {
				"disableBodyPruning": true
			},
			"request": {
				"method": "GET",
				"header": [],
				"body": {
					"mode": "raw",
					"raw": "{\r\n    \"firstName\": \"Mitesh\",\r\n    \"lastName\": \"Jethva\",\r\n    \"email\":\"mitesh@gmail.com\"\r\n}",
					"options": {
						"raw": {
							"language": "json"
						}
					}
				},
				"url": {
					"raw": "http://localhost:8080/api/employees",
					"protocol": "http",
					"host": [
						"localhost"
					],
					"port": "8080",
					"path": [
						"api",
						"employees"
					]
				}
			},
			"response": []
		}
	]
}